Participant ID,Name,Age,Gender,Event Attended,Day of Event,College Name,Feedback,Rating (out of 5),Participation Type
P-1,Sanya Singh,22,Male,Poetry Slam,Day 1,National College,"Great event, but the organization could be better.",3,Solo
P-2,Kabir Singh,19,Male,Photography,Day 2,Creative Hub,Amazing experience! Would love to participate again.,3,Group
P-3,Sanya Sharma,20,Other,Singing Competition,Day 2,Fine Arts Academy,More interactive sessions would make it even better.,3,Group
P-4,Meera Malhotra,23,Male,Coding Contest,Day 5,National College,I enjoyed meeting new people from different colleges.,3,Solo
P-5,Vikram Patel,18,Male,Photography,Day 5,National College,I enjoyed meeting new people from different colleges.,4,Solo
P-6,Meera Das,20,Male,Drama Play,Day 3,Fine Arts Academy,"Overall, a well-organized and memorable experience!",4,Group
P-7,Sanya Bose,26,Male,Art Exhibition,Day 2,ABC University,Fantastic crowd and great vibes!,4,Group
P-8,Sanya Das,20,Female,Singing Competition,Day 4,National College,The event was exciting but needs better scheduling.,5,Solo
P-9,Kabir Patel,24,Female,Dance Battle,Day 1,Elite University,The event was exciting but needs better scheduling.,2,Group
P-10,Sanya Bose,24,Other,Photography,Day 4,XYZ College,Amazing experience! Would love to participate again.,1,Group
P-11,Ananya Das,18,Female,Quiz Competition,Day 3,Fine Arts Academy,Amazing experience! Would love to participate again.,1,Group
P-12,Ananya Sharma,22,Other,Photography,Day 1,Future Innovators,I enjoyed meeting new people from different colleges.,5,Group
P-13,Rohan Verma,21,Male,Fashion Show,Day 5,National College,Loved the energy and performances!,5,Solo
P-14,Neha Iyer,22,Other,Dance Battle,Day 5,Creative Hub,"Overall, a well-organized and memorable experience!",5,Group
P-15,Rohan Verma,24,Female,Drama Play,Day 1,ABC University,Judging was fair and well-organized.,2,Group
P-16,Ananya Sharma,18,Male,Dance Battle,Day 1,Future Innovators,The event was exciting but needs better scheduling.,4,Group
P-17,Neha Nair,18,Other,Dance Battle,Day 4,Creative Hub,I enjoyed meeting new people from different colleges.,2,Solo
P-18,Neha Verma,25,Other,Singing Competition,Day 5,Creative Hub,"Overall, a well-organized and memorable experience!",5,Solo
P-19,Sanya Patel,18,Female,Music Band Show,Day 3,ABC University,Fantastic crowd and great vibes!,3,Solo
P-20,Neha Iyer,26,Male,Photography,Day 1,National College,"Great event, but the organization could be better.",1,Solo
P-21,Sanya Das,20,Female,Quiz Competition,Day 3,Fine Arts Academy,"The competition was tough, but I learned a lot.",2,Solo
P-22,Ananya Das,22,Male,Dance Battle,Day 4,ABC University,Judging was fair and well-organized.,3,Group
P-23,Sanya Singh,23,Female,Coding Contest,Day 3,National College,More interactive sessions would make it even better.,2,Solo
P-24,Vikram Iyer,25,Male,Music Band Show,Day 3,Fine Arts Academy,I enjoyed meeting new people from different colleges.,5,Solo
P-25,Meera Malhotra,26,Female,Fashion Show,Day 4,Creative Hub,"The competition was tough, but I learned a lot.",4,Solo
P-26,Ananya Iyer,23,Other,Coding Contest,Day 3,National College,Fantastic crowd and great vibes!,2,Group
P-27,Ishita Iyer,20,Female,Singing Competition,Day 4,ABC University,"The competition was tough, but I learned a lot.",2,Solo
P-28,Aarav Singh,22,Female,Drama Play,Day 4,Creative Hub,"Overall, a well-organized and memorable experience!",4,Group
P-29,Rohan Das,22,Other,Music Band Show,Day 5,Creative Hub,Loved the energy and performances!,5,Solo
P-30,Rohan Nair,18,Female,Fashion Show,Day 4,Future Innovators,Loved the energy and performances!,5,Solo
P-31,Ishita Sharma,18,Other,Drama Play,Day 1,XYZ College,"Overall, a well-organized and memorable experience!",1,Group
P-32,Ishita Kapoor,23,Female,Singing Competition,Day 3,National College,I enjoyed meeting new people from different colleges.,4,Solo
P-33,Vikram Kapoor,26,Other,Poetry Slam,Day 3,Future Innovators,Fantastic crowd and great vibes!,4,Solo
P-34,Rohan Bose,20,Female,Photography,Day 3,Fine Arts Academy,"Overall, a well-organized and memorable experience!",2,Solo
P-35,Neha Das,22,Female,Art Exhibition,Day 2,XYZ College,More interactive sessions would make it even better.,5,Solo
P-36,Meera Patel,20,Male,Singing Competition,Day 2,XYZ College,"Great event, but the organization could be better.",5,Solo
P-37,Ishita Patel,21,Male,Art Exhibition,Day 1,Creative Hub,More interactive sessions would make it even better.,4,Group
P-38,Kabir Singh,22,Other,Dance Battle,Day 1,National College,Amazing experience! Would love to participate again.,1,Group
P-39,Neha Iyer,22,Female,Quiz Competition,Day 4,Elite University,Fantastic crowd and great vibes!,4,Group
P-40,Sanya Verma,21,Female,Quiz Competition,Day 5,National College,"The competition was tough, but I learned a lot.",4,Solo
P-41,Neha Nair,26,Other,Drama Play,Day 5,Tech Institute,Fantastic crowd and great vibes!,1,Solo
P-42,Aarav Nair,25,Male,Fashion Show,Day 5,Tech Institute,I enjoyed meeting new people from different colleges.,1,Group
P-43,Kabir Nair,19,Male,Music Band Show,Day 2,Fine Arts Academy,I enjoyed meeting new people from different colleges.,3,Solo
P-44,Rohan Das,19,Male,Dance Battle,Day 5,Fine Arts Academy,I enjoyed meeting new people from different colleges.,5,Group
P-45,Sanya Kapoor,21,Female,Poetry Slam,Day 4,ABC University,Judging was fair and well-organized.,1,Group
P-46,Ishita Sharma,19,Female,Photography,Day 1,Elite University,Loved the energy and performances!,3,Solo
P-47,Dev Iyer,25,Male,Art Exhibition,Day 2,National College,"Great event, but the organization could be better.",4,Group
P-48,Dev Bose,22,Male,Fashion Show,Day 2,Tech Institute,"The competition was tough, but I learned a lot.",2,Group
P-49,Sanya Nair,18,Female,Dance Battle,Day 3,Elite University,"The competition was tough, but I learned a lot.",5,Group
P-50,Sanya Das,20,Female,Singing Competition,Day 1,Creative Hub,Amazing experience! Would love to participate again.,3,Solo
P-51,Dev Singh,18,Other,Art Exhibition,Day 5,Creative Hub,I enjoyed meeting new people from different colleges.,4,Solo
P-52,Dev Sharma,24,Other,Fashion Show,Day 1,Future Innovators,"Great event, but the organization could be better.",1,Group
P-53,Neha Das,24,Male,Art Exhibition,Day 4,Future Innovators,Amazing experience! Would love to participate again.,4,Group
P-54,Ishita Kapoor,23,Other,Singing Competition,Day 4,Tech Institute,"Great event, but the organization could be better.",3,Solo
P-55,Sanya Iyer,20,Other,Dance Battle,Day 5,Fine Arts Academy,I enjoyed meeting new people from different colleges.,1,Group
P-56,Neha Singh,24,Other,Coding Contest,Day 1,Elite University,"Great event, but the organization could be better.",1,Group
P-57,Meera Malhotra,18,Female,Photography,Day 4,XYZ College,More interactive sessions would make it even better.,4,Solo
P-58,Ishita Singh,26,Female,Quiz Competition,Day 4,ABC University,"Overall, a well-organized and memorable experience!",4,Group
P-59,Neha Bose,24,Male,Quiz Competition,Day 5,National College,I enjoyed meeting new people from different colleges.,1,Solo
P-60,Meera Bose,20,Other,Drama Play,Day 4,Future Innovators,"Great event, but the organization could be better.",1,Solo
P-61,Ananya Patel,18,Male,Fashion Show,Day 5,XYZ College,"Overall, a well-organized and memorable experience!",3,Group
P-62,Vikram Nair,23,Male,Coding Contest,Day 3,National College,"Great event, but the organization could be better.",1,Solo
P-63,Dev Kapoor,23,Female,Poetry Slam,Day 5,Future Innovators,I enjoyed meeting new people from different colleges.,4,Group
P-64,Rohan Das,23,Male,Quiz Competition,Day 3,Future Innovators,"The competition was tough, but I learned a lot.",5,Solo
P-65,Aarav Singh,21,Female,Drama Play,Day 1,Future Innovators,Loved the energy and performances!,4,Solo
P-66,Aarav Kapoor,20,Other,Dance Battle,Day 5,Elite University,"Great event, but the organization could be better.",4,Group
P-67,Neha Verma,23,Other,Fashion Show,Day 1,Elite University,"Great event, but the organization could be better.",3,Solo
P-68,Rohan Kapoor,22,Female,Music Band Show,Day 1,Future Innovators,"Great event, but the organization could be better.",4,Group
P-69,Vikram Sharma,19,Female,Poetry Slam,Day 4,XYZ College,"The competition was tough, but I learned a lot.",3,Solo
P-70,Ananya Das,25,Female,Coding Contest,Day 2,ABC University,"Overall, a well-organized and memorable experience!",5,Group
P-71,Aarav Iyer,19,Other,Music Band Show,Day 5,XYZ College,The event was exciting but needs better scheduling.,2,Group
P-72,Ishita Kapoor,23,Female,Poetry Slam,Day 3,Creative Hub,"The competition was tough, but I learned a lot.",3,Solo
P-73,Dev Patel,22,Female,Poetry Slam,Day 2,Fine Arts Academy,More interactive sessions would make it even better.,1,Group
P-74,Dev Singh,23,Male,Music Band Show,Day 2,XYZ College,Amazing experience! Would love to participate again.,1,Group
P-75,Neha Malhotra,21,Other,Coding Contest,Day 3,National College,Judging was fair and well-organized.,1,Group
P-76,Neha Bose,25,Other,Fashion Show,Day 5,Elite University,"Great event, but the organization could be better.",2,Solo
P-77,Kabir Malhotra,26,Male,Dance Battle,Day 3,Creative Hub,Fantastic crowd and great vibes!,4,Group
P-78,Aarav Malhotra,23,Other,Quiz Competition,Day 4,Tech Institute,"Great event, but the organization could be better.",2,Group
P-79,Neha Patel,22,Other,Quiz Competition,Day 5,Elite University,Loved the energy and performances!,5,Solo
P-80,Kabir Das,24,Male,Art Exhibition,Day 1,Elite University,Judging was fair and well-organized.,5,Group
P-81,Vikram Sharma,20,Male,Art Exhibition,Day 2,ABC University,"Overall, a well-organized and memorable experience!",4,Solo
P-82,Sanya Singh,20,Male,Photography,Day 1,Creative Hub,Amazing experience! Would love to participate again.,2,Solo
P-83,Dev Bose,26,Other,Fashion Show,Day 2,XYZ College,Loved the energy and performances!,1,Group
P-84,Kabir Malhotra,23,Female,Art Exhibition,Day 4,National College,Amazing experience! Would love to participate again.,3,Solo
P-85,Meera Das,19,Other,Drama Play,Day 4,Future Innovators,I enjoyed meeting new people from different colleges.,5,Solo
P-86,Kabir Sharma,26,Other,Art Exhibition,Day 4,Future Innovators,"Overall, a well-organized and memorable experience!",2,Solo
P-87,Vikram Das,21,Male,Singing Competition,Day 4,Tech Institute,Loved the energy and performances!,2,Group
P-88,Ishita Iyer,20,Male,Poetry Slam,Day 1,National College,Fantastic crowd and great vibes!,2,Solo
P-89,Vikram Patel,18,Female,Dance Battle,Day 5,Fine Arts Academy,I enjoyed meeting new people from different colleges.,2,Solo
P-90,Aarav Patel,18,Other,Drama Play,Day 5,National College,Fantastic crowd and great vibes!,5,Group
P-91,Rohan Patel,21,Male,Music Band Show,Day 2,National College,Fantastic crowd and great vibes!,3,Group
P-92,Kabir Nair,18,Female,Art Exhibition,Day 5,Creative Hub,Judging was fair and well-organized.,2,Group
P-93,Rohan Das,24,Other,Art Exhibition,Day 1,Creative Hub,Loved the energy and performances!,5,Solo
P-94,Rohan Iyer,23,Other,Drama Play,Day 5,Creative Hub,Judging was fair and well-organized.,1,Solo
P-95,Dev Kapoor,21,Female,Music Band Show,Day 2,Fine Arts Academy,"The competition was tough, but I learned a lot.",2,Group
P-96,Meera Nair,20,Female,Photography,Day 1,National College,The event was exciting but needs better scheduling.,2,Solo
P-97,Meera Singh,24,Female,Fashion Show,Day 2,Future Innovators,I enjoyed meeting new people from different colleges.,4,Solo
P-98,Aarav Verma,21,Other,Dance Battle,Day 3,Elite University,Judging was fair and well-organized.,5,Group
P-99,Sanya Verma,18,Female,Photography,Day 2,Fine Arts Academy,I enjoyed meeting new people from different colleges.,2,Group
P-100,Kabir Bose,24,Female,Fashion Show,Day 5,National College,"Great event, but the organization could be better.",2,Group
P-101,Neha Patel,22,Other,Drama Play,Day 5,Fine Arts Academy,I enjoyed meeting new people from different colleges.,5,Solo
P-102,Ishita Iyer,18,Male,Singing Competition,Day 4,Future Innovators,Judging was fair and well-organized.,1,Solo
P-103,Neha Bose,25,Other,Drama Play,Day 1,Creative Hub,Judging was fair and well-organized.,2,Solo
P-104,Meera Singh,22,Other,Drama Play,Day 3,ABC University,I enjoyed meeting new people from different colleges.,3,Group
P-105,Aarav Patel,22,Male,Singing Competition,Day 2,Fine Arts Academy,Amazing experience! Would love to participate again.,2,Solo
P-106,Vikram Sharma,23,Other,Drama Play,Day 2,Future Innovators,I enjoyed meeting new people from different colleges.,3,Solo
P-107,Ananya Malhotra,19,Other,Drama Play,Day 3,Creative Hub,Loved the energy and performances!,5,Group
P-108,Meera Singh,24,Male,Dance Battle,Day 1,Future Innovators,Amazing experience! Would love to participate again.,5,Solo
P-109,Ishita Iyer,18,Male,Photography,Day 3,Creative Hub,"The competition was tough, but I learned a lot.",1,Solo
P-110,Ishita Patel,19,Other,Drama Play,Day 5,Future Innovators,Fantastic crowd and great vibes!,4,Solo
P-111,Neha Singh,19,Female,Fashion Show,Day 3,Future Innovators,The event was exciting but needs better scheduling.,4,Solo
P-112,Ananya Singh,22,Other,Music Band Show,Day 5,Elite University,I enjoyed meeting new people from different colleges.,4,Solo
P-113,Kabir Verma,23,Female,Art Exhibition,Day 4,Elite University,"Great event, but the organization could be better.",1,Solo
P-114,Sanya Patel,24,Female,Drama Play,Day 2,Elite University,"Overall, a well-organized and memorable experience!",2,Solo
P-115,Vikram Iyer,21,Female,Singing Competition,Day 4,Creative Hub,The event was exciting but needs better scheduling.,1,Group
P-116,Ishita Verma,24,Female,Dance Battle,Day 1,Tech Institute,"The competition was tough, but I learned a lot.",2,Group
P-117,Dev Malhotra,19,Female,Drama Play,Day 2,Fine Arts Academy,Judging was fair and well-organized.,3,Solo
P-118,Kabir Singh,26,Other,Dance Battle,Day 4,XYZ College,Amazing experience! Would love to participate again.,1,Solo
P-119,Aarav Patel,25,Other,Photography,Day 5,Creative Hub,Judging was fair and well-organized.,1,Group
P-120,Sanya Sharma,25,Male,Photography,Day 5,National College,"The competition was tough, but I learned a lot.",2,Group
P-121,Meera Das,23,Other,Music Band Show,Day 5,Fine Arts Academy,Judging was fair and well-organized.,3,Group
P-122,Aarav Malhotra,24,Female,Music Band Show,Day 1,Creative Hub,The event was exciting but needs better scheduling.,3,Group
P-123,Dev Kapoor,23,Female,Art Exhibition,Day 3,Creative Hub,Loved the energy and performances!,4,Group
P-124,Rohan Bose,24,Other,Art Exhibition,Day 2,ABC University,The event was exciting but needs better scheduling.,4,Group
P-125,Ishita Das,20,Male,Music Band Show,Day 1,Future Innovators,Judging was fair and well-organized.,2,Solo
P-126,Meera Kapoor,24,Male,Art Exhibition,Day 5,National College,I enjoyed meeting new people from different colleges.,2,Group
P-127,Ishita Patel,23,Male,Music Band Show,Day 1,National College,"The competition was tough, but I learned a lot.",1,Solo
P-128,Neha Sharma,24,Other,Poetry Slam,Day 2,National College,I enjoyed meeting new people from different colleges.,1,Group
P-129,Vikram Das,21,Male,Quiz Competition,Day 1,Fine Arts Academy,Judging was fair and well-organized.,1,Solo
P-130,Aarav Kapoor,24,Male,Quiz Competition,Day 1,Tech Institute,More interactive sessions would make it even better.,3,Solo
P-131,Rohan Sharma,21,Other,Art Exhibition,Day 1,XYZ College,Fantastic crowd and great vibes!,5,Solo
P-132,Meera Iyer,24,Male,Drama Play,Day 3,XYZ College,"Overall, a well-organized and memorable experience!",2,Group
P-133,Meera Iyer,19,Other,Singing Competition,Day 3,ABC University,Fantastic crowd and great vibes!,4,Solo
P-134,Neha Kapoor,23,Female,Singing Competition,Day 1,Creative Hub,I enjoyed meeting new people from different colleges.,1,Solo
P-135,Vikram Malhotra,22,Other,Poetry Slam,Day 2,Creative Hub,"Overall, a well-organized and memorable experience!",4,Solo
P-136,Vikram Bose,24,Male,Coding Contest,Day 1,Creative Hub,"The competition was tough, but I learned a lot.",3,Group
P-137,Sanya Nair,21,Other,Singing Competition,Day 5,XYZ College,Judging was fair and well-organized.,3,Solo
P-138,Vikram Sharma,25,Other,Drama Play,Day 3,Tech Institute,More interactive sessions would make it even better.,1,Solo
P-139,Aarav Singh,26,Other,Music Band Show,Day 5,XYZ College,I enjoyed meeting new people from different colleges.,5,Group
P-140,Dev Nair,25,Female,Singing Competition,Day 2,ABC University,More interactive sessions would make it even better.,1,Solo
P-141,Neha Iyer,25,Female,Quiz Competition,Day 4,Elite University,I enjoyed meeting new people from different colleges.,5,Solo
P-142,Rohan Malhotra,20,Male,Dance Battle,Day 5,Fine Arts Academy,Amazing experience! Would love to participate again.,4,Solo
P-143,Aarav Kapoor,25,Female,Dance Battle,Day 2,XYZ College,"The competition was tough, but I learned a lot.",5,Solo
P-144,Vikram Iyer,20,Female,Fashion Show,Day 4,ABC University,Fantastic crowd and great vibes!,3,Group
P-145,Ananya Sharma,22,Other,Drama Play,Day 2,Creative Hub,I enjoyed meeting new people from different colleges.,1,Solo
P-146,Sanya Das,24,Other,Coding Contest,Day 1,Future Innovators,More interactive sessions would make it even better.,5,Group
P-147,Aarav Kapoor,18,Female,Quiz Competition,Day 2,Creative Hub,More interactive sessions would make it even better.,2,Group
P-148,Rohan Patel,19,Other,Fashion Show,Day 3,XYZ College,More interactive sessions would make it even better.,1,Solo
P-149,Vikram Singh,19,Female,Poetry Slam,Day 1,ABC University,More interactive sessions would make it even better.,3,Solo
P-150,Meera Verma,24,Other,Coding Contest,Day 1,ABC University,Amazing experience! Would love to participate again.,3,Group
P-151,Aarav Iyer,19,Male,Coding Contest,Day 5,Elite University,Judging was fair and well-organized.,3,Group
P-152,Meera Sharma,23,Female,Drama Play,Day 2,Creative Hub,The event was exciting but needs better scheduling.,2,Solo
P-153,Aarav Das,21,Other,Art Exhibition,Day 1,XYZ College,"Great event, but the organization could be better.",1,Group
P-154,Meera Das,23,Female,Photography,Day 5,Elite University,"The competition was tough, but I learned a lot.",1,Solo
P-155,Neha Singh,24,Male,Photography,Day 1,Tech Institute,"Overall, a well-organized and memorable experience!",4,Group
P-156,Vikram Nair,26,Other,Poetry Slam,Day 1,Tech Institute,Fantastic crowd and great vibes!,1,Group
P-157,Sanya Malhotra,23,Male,Singing Competition,Day 1,National College,Amazing experience! Would love to participate again.,3,Solo
P-158,Aarav Sharma,18,Female,Fashion Show,Day 5,XYZ College,Loved the energy and performances!,3,Group
P-159,Dev Iyer,22,Female,Dance Battle,Day 1,Fine Arts Academy,Amazing experience! Would love to participate again.,2,Group
P-160,Ananya Malhotra,21,Other,Poetry Slam,Day 1,Future Innovators,"Overall, a well-organized and memorable experience!",1,Solo
P-161,Neha Bose,19,Other,Fashion Show,Day 3,Creative Hub,"The competition was tough, but I learned a lot.",5,Group
P-162,Kabir Das,20,Female,Singing Competition,Day 5,National College,More interactive sessions would make it even better.,5,Group
P-163,Meera Patel,19,Male,Drama Play,Day 4,Elite University,I enjoyed meeting new people from different colleges.,5,Group
P-164,Rohan Singh,21,Male,Coding Contest,Day 5,Tech Institute,"Great event, but the organization could be better.",4,Group
P-165,Aarav Malhotra,26,Other,Quiz Competition,Day 5,XYZ College,Fantastic crowd and great vibes!,3,Group
P-166,Dev Nair,22,Female,Music Band Show,Day 5,XYZ College,Judging was fair and well-organized.,3,Group
P-167,Aarav Nair,20,Other,Dance Battle,Day 5,National College,"Great event, but the organization could be better.",1,Group
P-168,Rohan Das,19,Female,Singing Competition,Day 2,Tech Institute,"The competition was tough, but I learned a lot.",3,Solo
P-169,Ananya Malhotra,20,Female,Art Exhibition,Day 1,National College,The event was exciting but needs better scheduling.,3,Group
P-170,Aarav Malhotra,23,Male,Fashion Show,Day 3,Future Innovators,Judging was fair and well-organized.,1,Solo
P-171,Dev Iyer,22,Female,Singing Competition,Day 4,ABC University,More interactive sessions would make it even better.,5,Solo
P-172,Ishita Patel,25,Female,Quiz Competition,Day 5,Future Innovators,"Overall, a well-organized and memorable experience!",5,Group
P-173,Rohan Nair,18,Female,Art Exhibition,Day 5,Creative Hub,"Great event, but the organization could be better.",1,Group
P-174,Ananya Nair,20,Male,Photography,Day 2,Creative Hub,Judging was fair and well-organized.,4,Solo
P-175,Aarav Iyer,21,Male,Quiz Competition,Day 1,National College,The event was exciting but needs better scheduling.,2,Group
P-176,Ishita Das,18,Other,Art Exhibition,Day 3,Tech Institute,I enjoyed meeting new people from different colleges.,4,Group
P-177,Dev Sharma,22,Male,Music Band Show,Day 3,National College,Loved the energy and performances!,2,Solo
P-178,Meera Bose,26,Female,Art Exhibition,Day 4,Creative Hub,Amazing experience! Would love to participate again.,5,Group
P-179,Ananya Patel,24,Female,Dance Battle,Day 2,ABC University,Amazing experience! Would love to participate again.,1,Solo
P-180,Dev Patel,24,Female,Art Exhibition,Day 1,ABC University,Amazing experience! Would love to participate again.,3,Group
P-181,Ishita Malhotra,20,Female,Quiz Competition,Day 4,National College,"Great event, but the organization could be better.",1,Group
P-182,Ishita Bose,19,Other,Art Exhibition,Day 5,Fine Arts Academy,"Great event, but the organization could be better.",2,Group
P-183,Ananya Kapoor,20,Female,Music Band Show,Day 5,Tech Institute,I enjoyed meeting new people from different colleges.,5,Group
P-184,Ishita Sharma,19,Female,Coding Contest,Day 5,Tech Institute,Loved the energy and performances!,3,Solo
P-185,Rohan Bose,21,Other,Photography,Day 2,ABC University,I enjoyed meeting new people from different colleges.,2,Solo
P-186,Meera Patel,24,Female,Quiz Competition,Day 5,Tech Institute,Judging was fair and well-organized.,2,Solo
P-187,Ananya Malhotra,24,Female,Quiz Competition,Day 4,Fine Arts Academy,Loved the energy and performances!,5,Solo
P-188,Aarav Sharma,18,Male,Music Band Show,Day 1,Tech Institute,More interactive sessions would make it even better.,1,Group
P-189,Rohan Das,22,Female,Fashion Show,Day 3,Creative Hub,Amazing experience! Would love to participate again.,3,Group
P-190,Vikram Nair,26,Other,Drama Play,Day 4,Future Innovators,The event was exciting but needs better scheduling.,5,Group
P-191,Ishita Das,21,Other,Drama Play,Day 5,Tech Institute,"Great event, but the organization could be better.",4,Group
P-192,Meera Iyer,24,Male,Photography,Day 3,National College,Amazing experience! Would love to participate again.,3,Group
P-193,Ishita Verma,19,Other,Music Band Show,Day 5,Tech Institute,Amazing experience! Would love to participate again.,3,Group
P-194,Neha Verma,21,Other,Art Exhibition,Day 1,XYZ College,Loved the energy and performances!,3,Solo
P-195,Sanya Bose,20,Female,Fashion Show,Day 4,ABC University,"Overall, a well-organized and memorable experience!",3,Solo
P-196,Ananya Kapoor,26,Male,Music Band Show,Day 2,Fine Arts Academy,Amazing experience! Would love to participate again.,5,Solo
P-197,Dev Nair,20,Female,Art Exhibition,Day 1,Tech Institute,"Overall, a well-organized and memorable experience!",4,Group
P-198,Kabir Kapoor,23,Other,Singing Competition,Day 5,Fine Arts Academy,The event was exciting but needs better scheduling.,1,Group
P-199,Aarav Kapoor,24,Male,Art Exhibition,Day 1,Future Innovators,Amazing experience! Would love to participate again.,4,Group
P-200,Kabir Kapoor,21,Other,Singing Competition,Day 1,Future Innovators,Judging was fair and well-organized.,3,Group
P-201,Kabir Malhotra,25,Female,Singing Competition,Day 2,Fine Arts Academy,The event was exciting but needs better scheduling.,5,Group
P-202,Ishita Bose,18,Other,Drama Play,Day 4,Future Innovators,Loved the energy and performances!,3,Group
P-203,Ishita Das,26,Other,Fashion Show,Day 5,Creative Hub,I enjoyed meeting new people from different colleges.,5,Solo
P-204,Neha Malhotra,18,Female,Fashion Show,Day 1,XYZ College,"The competition was tough, but I learned a lot.",1,Solo
P-205,Ishita Malhotra,20,Female,Dance Battle,Day 5,Fine Arts Academy,The event was exciting but needs better scheduling.,3,Solo
P-206,Ishita Malhotra,23,Male,Photography,Day 3,ABC University,"Overall, a well-organized and memorable experience!",3,Solo
P-207,Sanya Iyer,21,Female,Fashion Show,Day 4,Fine Arts Academy,More interactive sessions would make it even better.,1,Group
P-208,Rohan Bose,25,Other,Poetry Slam,Day 3,National College,"The competition was tough, but I learned a lot.",4,Solo
P-209,Sanya Sharma,22,Male,Quiz Competition,Day 3,ABC University,I enjoyed meeting new people from different colleges.,5,Group
P-210,Aarav Das,25,Male,Drama Play,Day 2,ABC University,The event was exciting but needs better scheduling.,2,Solo
P-211,Ishita Singh,26,Female,Art Exhibition,Day 4,ABC University,Amazing experience! Would love to participate again.,1,Group
P-212,Rohan Sharma,24,Male,Fashion Show,Day 4,Creative Hub,Amazing experience! Would love to participate again.,1,Solo
P-213,Kabir Sharma,21,Other,Singing Competition,Day 2,Elite University,Loved the energy and performances!,3,Solo
P-214,Vikram Verma,26,Other,Drama Play,Day 3,National College,Amazing experience! Would love to participate again.,2,Group
P-215,Kabir Nair,23,Other,Singing Competition,Day 4,XYZ College,Amazing experience! Would love to participate again.,3,Group
P-216,Kabir Sharma,22,Male,Fashion Show,Day 2,Creative Hub,Fantastic crowd and great vibes!,5,Solo
P-217,Kabir Nair,20,Female,Fashion Show,Day 1,XYZ College,More interactive sessions would make it even better.,2,Group
P-218,Kabir Malhotra,19,Other,Quiz Competition,Day 3,ABC University,"The competition was tough, but I learned a lot.",4,Solo
P-219,Vikram Verma,26,Male,Drama Play,Day 3,Fine Arts Academy,Amazing experience! Would love to participate again.,3,Group
P-220,Ananya Verma,23,Male,Drama Play,Day 3,ABC University,"Great event, but the organization could be better.",4,Solo
P-221,Ishita Das,23,Female,Fashion Show,Day 3,Tech Institute,The event was exciting but needs better scheduling.,3,Group
P-222,Rohan Sharma,26,Male,Music Band Show,Day 3,ABC University,Judging was fair and well-organized.,2,Solo
P-223,Rohan Singh,19,Male,Fashion Show,Day 2,Elite University,"The competition was tough, but I learned a lot.",5,Solo
P-224,Kabir Sharma,21,Female,Music Band Show,Day 4,Creative Hub,"Great event, but the organization could be better.",3,Solo
P-225,Meera Nair,20,Female,Singing Competition,Day 5,Tech Institute,The event was exciting but needs better scheduling.,2,Group
P-226,Aarav Iyer,20,Female,Singing Competition,Day 5,XYZ College,"Great event, but the organization could be better.",5,Solo
P-227,Sanya Malhotra,19,Male,Drama Play,Day 2,Fine Arts Academy,Amazing experience! Would love to participate again.,3,Group
P-228,Neha Kapoor,26,Female,Drama Play,Day 2,Tech Institute,"Overall, a well-organized and memorable experience!",2,Group
P-229,Ananya Verma,25,Male,Music Band Show,Day 1,Tech Institute,The event was exciting but needs better scheduling.,1,Solo
P-230,Dev Patel,22,Male,Quiz Competition,Day 2,Elite University,Judging was fair and well-organized.,5,Group
P-231,Ananya Sharma,21,Female,Dance Battle,Day 2,Fine Arts Academy,The event was exciting but needs better scheduling.,1,Group
P-232,Ananya Singh,22,Female,Photography,Day 4,National College,Fantastic crowd and great vibes!,5,Solo
P-233,Neha Kapoor,22,Male,Coding Contest,Day 3,Future Innovators,Judging was fair and well-organized.,2,Group
P-234,Neha Iyer,22,Male,Coding Contest,Day 1,National College,"Great event, but the organization could be better.",3,Solo
P-235,Meera Sharma,23,Other,Drama Play,Day 4,National College,Amazing experience! Would love to participate again.,1,Group
P-236,Aarav Iyer,24,Other,Photography,Day 1,National College,The event was exciting but needs better scheduling.,3,Solo
P-237,Rohan Iyer,18,Male,Poetry Slam,Day 4,ABC University,"The competition was tough, but I learned a lot.",4,Group
P-238,Ananya Verma,20,Male,Fashion Show,Day 4,XYZ College,Fantastic crowd and great vibes!,2,Solo
P-239,Kabir Singh,21,Male,Poetry Slam,Day 4,Fine Arts Academy,"Great event, but the organization could be better.",5,Solo
P-240,Kabir Nair,24,Female,Quiz Competition,Day 4,Elite University,Judging was fair and well-organized.,3,Group
P-241,Rohan Patel,18,Other,Quiz Competition,Day 4,XYZ College,Fantastic crowd and great vibes!,2,Solo
P-242,Meera Sharma,21,Male,Coding Contest,Day 1,Fine Arts Academy,"The competition was tough, but I learned a lot.",2,Solo
P-243,Rohan Malhotra,20,Other,Drama Play,Day 3,Elite University,Amazing experience! Would love to participate again.,3,Group
P-244,Aarav Nair,25,Other,Coding Contest,Day 4,Elite University,More interactive sessions would make it even better.,5,Group
P-245,Kabir Das,23,Other,Quiz Competition,Day 2,XYZ College,The event was exciting but needs better scheduling.,2,Solo
P-246,Vikram Bose,20,Male,Art Exhibition,Day 4,XYZ College,I enjoyed meeting new people from different colleges.,2,Group
P-247,Rohan Sharma,25,Male,Photography,Day 1,Future Innovators,"Great event, but the organization could be better.",3,Group
P-248,Meera Malhotra,20,Other,Dance Battle,Day 5,Tech Institute,The event was exciting but needs better scheduling.,3,Group
P-249,Neha Sharma,23,Other,Coding Contest,Day 1,XYZ College,"Great event, but the organization could be better.",4,Solo
P-250,Vikram Singh,21,Male,Music Band Show,Day 5,Future Innovators,"Overall, a well-organized and memorable experience!",4,Solo
